Nombre,Altura,Peso
Aardonyx,"1,3 metros",1.4 toneladas
Abdarainurus,4-5 metros,Nan
Nuevas imágenes,Nan,Nan
,Nan,Nan
,Nan,Nan
Abelisaurus Comahuensis,2 metros,1400-3000 Kg
Abrictosaurus consors,40 cm,27 kg
Abrosaurus,4 metros,7 toneladas
Abydosaurus mcintoshi,7 metros,22 toneladas
Acantholipan gonzalezi,Nan,Más de media tonelada
Acanthopholis,1 metro,800 kg
Achelousaurus,2 metros,"posiblemente, 2 toneladas"
Acheroraptor temertyorum,65 cm,40 kg
Achillesaurus,"1,5 metros",70 kg
Achillobator,"1,6 metros",520 kg
Acristavus,2 metros,2 toneladas
Acrocanthosaurus,4 metros,5 toneladas
Acrotholus,40 cm,20 kg
Adamantisaurus,4 metros,10 toneladas
Adasaurus,60 cm,20 kg
Adeopapposaurus,1 metro,290 kg
Adratiklit,2 metros y medio,Nan
Adynomosaurus,Nan,Nan
Aegyptosaurus,5 metros,17 toneladas
,Nan,Nan
Aeolosaurus,4 metros,20 toneladas
Aepisaurus,4 metros,12 toneladas
Aerosteon,"2,5 metros",2 toneladas
Afrovenator,"2,3 metros","1,5 toneladas"
Agathaumas,2 metros,6 toneladas
Agilisaurus,40 cm,22 kg
Agnosphitys,Nan,Nan
Agrosaurus,1 metros,280 kg
Agujaceratops,2 metros,2 toneladas
Agustinia,5 metros,9 toneladas
Ahshislepelta,80 cm,120 kg
Ajancingenia,70 cm,35 kg
Ajkaceratops,Nan,Nan
Ajnabia,Nan,Nan
Alamosaurus,entre 6 y 7 metros,27 toneladas
Alaskacephale,Nan,80 Kilogramos
Albalophosaurus,80 cm,45 kg
Albertaceratops,"1,9 a 2,5 metros",453 kg
Albertadromeus,20 a 30 cm,15 a 20 kg
Albertavenator,Nan,Nan
Albertonykus,29 cm,1 kg
,Nan,Nan
Albertosaurus,2.8 metros,"2,5 toneladas"
Albinykus,25 cm,800 g
Alcovasaurus,2 metros,Nan
Alectrosaurus,2 metros,"1,2 toneladas"
Aletopelta,2 metros,500 kg
Algoasaurus,"2,7 metros",3 toneladas
Alioramus,2 metros,400 kg
,Nan,Nan
,Nan,Nan
,Nan,Nan
Allosaurus,2 a 3 metros (según la especie),"1,5 - 3 toneladas (según la especie)"
Alnashetri,20 cm,"1,2 kg"
Alocodon,50 cm,30 kg
Altirhinus,2 metros,"1,4 toneladas"
Altispinax,"2,1 metros",1 tonelada
,Nan,Nan
Alvarezsaurus,70 cm,20 kg
,Nan,Nan
Alxasaurus,2 metros,320 kg
Amanzia,2-3 metros,Nan
Amargasaurus,4 metros,8 toneladas
Amargastegos,1 metros,500 kg
Amargatitanis,Nan,47 toneladas
Amazonsaurus,"2,8 metros","3,7 toneladas"
Ambopteryx,Nan,306 gramos
Ammosaurus,"1,8 metros erguido",45 kilogramos
Ampelosaurus,"3,8 metros",6 toneladas
Amphicoelias,5 metros (A. Altus) 10 metros (A. Fragillimus),"30 toneladas (A. Altus) 122,4 toneladas (A. Fragillimus)"
Amurosaurus,2-3 metros,"1,5 toneladas"
Amygdalodon,4 metros,Nan
Anabisetia,60 cm,25 kg
,Nan,Nan
Anatotitan copei,3 metros (5 en posición bípeda),7 toneladas
Anchiceratops,2 metros,"4,8 toneladas"
Anchiornis,20 cettímetros,2 kg
Anchisaurus,70 cm,25 kg
Andesaurus,6 metros,10 toneladas
Angaturama,"2,3 metros",900 kg
Aniksosaurus,70 cm,120 kg
,Nan,Nan
Ankylosaurus,"2,40 metros de los pies hasta la espina mas alta y de los pies hasta la espalda 2,30",8 toneladas
Anodontosaurus,1-2 metros,"2,5 toneladas"
Anserimimus,"1,7 metros",60 kg
Antarctopelta,Nan,Nan
Antarctosaurus,"6 a 8 m, 12 m (cuello erguido) y 20 m (posado en 2 patas)",Entre 20 y 60 toneladas
Antrodemus,"3,1 metros","2,4 toneladas"
Anzu,2 metros,200 - 300 Kilogramos
Aoniraptor,Nan,Nan
Apatodon,3 metros,"2,6 toneladas"
Apatoraptor,Nan,150-180 kilogramos
Apatosaurus,"4,4 metros",31 toneladas
Appalachiosaurus,3 metros,4 toneladas
Aquilops,40 cm aprox,entre 5 a 7 Kg
Arackar licanantay,Nan,Nan
Aragosaurus,8 metros,22 toneladas
Aralosaurus tuberiferus,"2,5 metros",5 toneladas
Aratasaurus,Nan,Nan
Archaeoceratops,Nan,24 kg
Archaeodontosaurus,Nan,4 a 5 Toneladas
,Nan,Nan
Archaeornithomimus,"1,6 metros",75 kg
Arcovenator,"2,5 metros",450 kg
Arenysaurus,"1,5 a 2,5 Metros",1 - 2 Toneladas
Argentinosaurus,"6,8 Metros (Hasta los hombros)",75 toneladas
,Nan,Nan
Argyrosaurus,6 metros,16 toneladas
Aristosuchus,1 metro,30 kg
Arkansaurus,2 metros,200 kg
Arrhinoceratops,"2,4 metros",6 toneladas
,Nan,Nan
Asfaltovenator,"2,3 metros",2 toneladas
,Nan,Nan
Astrodon,9 metros,7 toneladas
,Nan,Nan
Atlantosaurus,4 metros,17 toneladas
Atlasaurus,"4,5 metros",12 toneladas
Atlascopcosaurus,70 cm,95 kg
Atrociraptor,50 cm,25 kg
Atsinganosaurus,12 metros,5 toneladas
Aublysodon,"1,6 metros",800 kg
Aucasaurus garridoi,"2,4 metros",700 kilogramos
Augustynolophus,Nan,Nan
Auroraceratops,Nan,Nan
Aurornis,15 cm,140 gramos
Australovenator,2 metros,500-1000 kilogramos
Austrocheirus,"1,4 metros",640 kg
Austroposeidon,Nan,Nan
Austroraptor cabazai,2 metros,400 kg
Austrosaurus,Nan,10 toneladas
Avaceratops,80 cm,60 kg
,Nan,Nan
Aviatyrannis,30 centímetros,38 kilos
Avimimus,1 metro,20 kg
Avipes,2mts,14 klg
Bactrosaurus,2 metros,"1,5 toneladas"
Bagaceratops,20 cm,30 kg
Bagaraatan,"1,3 metros",75 kg
Bagualia,4.5 metros,Nan
Bahariasaurus,"3,5 metros",4 toneladas
Bajadasaurus,Nan,Nan
Balaur bondoc,80 centímetros,20 kilogramos
Balochisaurus,"max 2,50 m",Nan
Bambiraptor,30 centímetros,2 kg
Banji,Nan,Nan
Barapasaurus,5 a 6 metros,12 toneladas
Barosaurus,6 metros,34 toneladas
Barrosasaurus,Nan,Nan
Barsboldia,"2,7 metros","3,2 toneladas"
,Nan,Nan
Baryonyx,2.5 metros a la cadera,1.700-2.700 kilogramos
Baurutitan,3 metros,4 toneladas
Bayosaurus,"1,2 metros",570 kg
Becklespinax,"2,3 metros","2,8 toneladas"
Beg tse,Nan,15-20 kilogramos
Beipiaosaurus,"1,7 metros",85 kg
Beishanlong,3 mts,54 klg
Berberosaurus,"1,2 metros",30 kg
Berthasaura,Nan,10 kg.
Betasuchus,80 cm,38 kg
Bicentenaria,85 cm,40 kg
Bienosaurus,50 cm,40 kg
Bistahiversor,"2,8 metros","1,2 toneladas"
Blasisaurus,3 metros,Nan
,Nan,Nan
,Nan,Nan
,Nan,Nan
Bonapartenykus,1 metros,20 kg
Bonapartesaurus,Nan,Nan
Bonatitan,"1,5 metros",3 toneladas
Bonitasaura,4 metros,5 toneladas
Borealosaurus,Nan,10 toneladas
Borogovia,80 cm,30 kg
Bothriospondylus,5 metros,15 toneladas
,Nan,Nan
Brachiosaurus,12 - 15 metros,33 - 37 toneladas
Brachyceratops,"1,55 metros",450 kg
Brachylophosaurus,"2,5 metros","3,7 toneladas"
Brachytrachelopan,3 metros,4 toneladas
Bradycneme,Nan,Nan
Bravasaurus,2 metros,Nan
Breviparopus,7 - 33 metros,55 - 63 t posiblemente
Brighstoneous,Nan,1 tonelada.
Brohisaurus,12 metros,Nan
Brontomerus,5 metros,6 toneladas
Brontosaurus,"4,2 metros",30 toneladas
Bruhathkayosaurus,Entre 4 y 7 metros,Entre 80 y 220 toneladas
Buitreraptor,40 cm,5 kg
Buriolestes,60 centímetros,Nan
Byronosaurus,50 cm,14 kg
Caenagnathasia,"1,37 mts",509 klg
Caenagnathus,Nan,30-90 kilogramos
Caihong,40 cm,475 g
Aardonyx,"1,3 metros",1.4 toneladas
Abdarainurus,4-5 metros,Nan
,Nan,Nan
,Nan,Nan
,Nan,Nan
Abelisaurus Comahuensis,2 metros,1400-3000 Kg
Abrictosaurus consors,40 cm,27 kg
Abrosaurus,4 metros,7 toneladas
Abydosaurus mcintoshi,7 metros,22 toneladas
Acantholipan gonzalezi,Nan,Más de media tonelada
Acanthopholis,1 metro,800 kg
Achelousaurus,2 metros,"posiblemente, 2 toneladas"
Acheroraptor temertyorum,65 cm,40 kg
Achillesaurus,"1,5 metros",70 kg
Achillobator,"1,6 metros",520 kg
Acristavus,2 metros,2 toneladas
Acrocanthosaurus,4 metros,5 toneladas
Acrotholus,40 cm,20 kg
Adamantisaurus,4 metros,10 toneladas
Adasaurus,60 cm,20 kg
Adeopapposaurus,1 metro,290 kg
Adratiklit,2 metros y medio,Nan
Adynomosaurus,Nan,Nan
Aegyptosaurus,5 metros,17 toneladas
,Nan,Nan
Aeolosaurus,4 metros,20 toneladas
Aepisaurus,4 metros,12 toneladas
Aerosteon,"2,5 metros",2 toneladas
Afrovenator,"2,3 metros","1,5 toneladas"
Agathaumas,2 metros,6 toneladas
Agilisaurus,40 cm,22 kg
Agnosphitys,Nan,Nan
Agrosaurus,1 metros,280 kg
Agujaceratops,2 metros,2 toneladas
Agustinia,5 metros,9 toneladas
Ahshislepelta,80 cm,120 kg
Ajancingenia,70 cm,35 kg
Ajkaceratops,Nan,Nan
Ajnabia,Nan,Nan
Alamosaurus,entre 6 y 7 metros,27 toneladas
Alaskacephale,Nan,80 Kilogramos
Albalophosaurus,80 cm,45 kg
Albertaceratops,"1,9 a 2,5 metros",453 kg
Albertadromeus,20 a 30 cm,15 a 20 kg
Albertavenator,Nan,Nan
Albertonykus,29 cm,1 kg
,Nan,Nan
Albertosaurus,2.8 metros,"2,5 toneladas"
Albinykus,25 cm,800 g
Alcovasaurus,2 metros,Nan
Alectrosaurus,2 metros,"1,2 toneladas"
Aletopelta,2 metros,500 kg
Algoasaurus,"2,7 metros",3 toneladas
Alioramus,2 metros,400 kg
,Nan,Nan
,Nan,Nan
,Nan,Nan
Allosaurus,2 a 3 metros (según la especie),"1,5 - 3 toneladas (según la especie)"
Alnashetri,20 cm,"1,2 kg"
Alocodon,50 cm,30 kg
Altirhinus,2 metros,"1,4 toneladas"
Altispinax,"2,1 metros",1 tonelada
,Nan,Nan
Alvarezsaurus,70 cm,20 kg
,Nan,Nan
Alxasaurus,2 metros,320 kg
Amanzia,2-3 metros,Nan
Amargasaurus,4 metros,8 toneladas
Amargastegos,1 metros,500 kg
Amargatitanis,Nan,47 toneladas
Amazonsaurus,"2,8 metros","3,7 toneladas"
Ambopteryx,Nan,306 gramos
Ammosaurus,"1,8 metros erguido",45 kilogramos
Ampelosaurus,"3,8 metros",6 toneladas
Amphicoelias,5 metros (A. Altus) 10 metros (A. Fragillimus),"30 toneladas (A. Altus) 122,4 toneladas (A. Fragillimus)"
Amurosaurus,2-3 metros,"1,5 toneladas"
Amygdalodon,4 metros,Nan
Anabisetia,60 cm,25 kg
,Nan,Nan
Anatotitan copei,3 metros (5 en posición bípeda),7 toneladas
Anchiceratops,2 metros,"4,8 toneladas"
Anchiornis,20 cettímetros,2 kg
Anchisaurus,70 cm,25 kg
Andesaurus,6 metros,10 toneladas
Angaturama,"2,3 metros",900 kg
Aniksosaurus,70 cm,120 kg
,Nan,Nan
Ankylosaurus,"2,40 metros de los pies hasta la espina mas alta y de los pies hasta la espalda 2,30",8 toneladas
Anodontosaurus,1-2 metros,"2,5 toneladas"
Anserimimus,"1,7 metros",60 kg
Antarctopelta,Nan,Nan
Antarctosaurus,"6 a 8 m, 12 m (cuello erguido) y 20 m (posado en 2 patas)",Entre 20 y 60 toneladas
Antrodemus,"3,1 metros","2,4 toneladas"
Anzu,2 metros,200 - 300 Kilogramos
Aoniraptor,Nan,Nan
Apatodon,3 metros,"2,6 toneladas"
Apatoraptor,Nan,150-180 kilogramos
Apatosaurus,"4,4 metros",31 toneladas
Appalachiosaurus,3 metros,4 toneladas
Aquilops,40 cm aprox,entre 5 a 7 Kg
Arackar licanantay,Nan,Nan
Aragosaurus,8 metros,22 toneladas
Aralosaurus tuberiferus,"2,5 metros",5 toneladas
Aratasaurus,Nan,Nan
Archaeoceratops,Nan,24 kg
Archaeodontosaurus,Nan,4 a 5 Toneladas
,Nan,Nan
Archaeornithomimus,"1,6 metros",75 kg
Arcovenator,"2,5 metros",450 kg
Arenysaurus,"1,5 a 2,5 Metros",1 - 2 Toneladas
Argentinosaurus,"6,8 Metros (Hasta los hombros)",75 toneladas
,Nan,Nan
Argyrosaurus,6 metros,16 toneladas
Aristosuchus,1 metro,30 kg
Arkansaurus,2 metros,200 kg
Arrhinoceratops,"2,4 metros",6 toneladas
,Nan,Nan
Asfaltovenator,"2,3 metros",2 toneladas
,Nan,Nan
Astrodon,9 metros,7 toneladas
,Nan,Nan
Atlantosaurus,4 metros,17 toneladas
Atlasaurus,"4,5 metros",12 toneladas
Atlascopcosaurus,70 cm,95 kg
Atrociraptor,50 cm,25 kg
Atsinganosaurus,12 metros,5 toneladas
Aublysodon,"1,6 metros",800 kg
Aucasaurus garridoi,"2,4 metros",700 kilogramos
Augustynolophus,Nan,Nan
Auroraceratops,Nan,Nan
Aurornis,15 cm,140 gramos
Australovenator,2 metros,500-1000 kilogramos
Austrocheirus,"1,4 metros",640 kg
Austroposeidon,Nan,Nan
Austroraptor cabazai,2 metros,400 kg
Austrosaurus,Nan,10 toneladas
Avaceratops,80 cm,60 kg
,Nan,Nan
Aviatyrannis,30 centímetros,38 kilos
Avimimus,1 metro,20 kg
Avipes,2mts,14 klg
Bactrosaurus,2 metros,"1,5 toneladas"
Bagaceratops,20 cm,30 kg
Bagaraatan,"1,3 metros",75 kg
Bagualia,4.5 metros,Nan
Bahariasaurus,"3,5 metros",4 toneladas
Bajadasaurus,Nan,Nan
Balaur bondoc,80 centímetros,20 kilogramos
Balochisaurus,"max 2,50 m",Nan
Bambiraptor,30 centímetros,2 kg
Banji,Nan,Nan
Barapasaurus,5 a 6 metros,12 toneladas
Barosaurus,6 metros,34 toneladas
Barrosasaurus,Nan,Nan
Barsboldia,"2,7 metros","3,2 toneladas"
,Nan,Nan
Baryonyx,2.5 metros a la cadera,1.700-2.700 kilogramos
Baurutitan,3 metros,4 toneladas
Bayosaurus,"1,2 metros",570 kg
Becklespinax,"2,3 metros","2,8 toneladas"
Beg tse,Nan,15-20 kilogramos
Beipiaosaurus,"1,7 metros",85 kg
Beishanlong,3 mts,54 klg
Berberosaurus,"1,2 metros",30 kg
Berthasaura,Nan,10 kg.
Betasuchus,80 cm,38 kg
Bicentenaria,85 cm,40 kg
Bienosaurus,50 cm,40 kg
Bistahiversor,"2,8 metros","1,2 toneladas"
Blasisaurus,3 metros,Nan
,Nan,Nan
,Nan,Nan
,Nan,Nan
Bonapartenykus,1 metros,20 kg
Bonapartesaurus,Nan,Nan
Bonatitan,"1,5 metros",3 toneladas
Bonitasaura,4 metros,5 toneladas
Borealosaurus,Nan,10 toneladas
Borogovia,80 cm,30 kg
Bothriospondylus,5 metros,15 toneladas
,Nan,Nan
Brachiosaurus,12 - 15 metros,33 - 37 toneladas
Brachyceratops,"1,55 metros",450 kg
Brachylophosaurus,"2,5 metros","3,7 toneladas"
Brachytrachelopan,3 metros,4 toneladas
Bradycneme,Nan,Nan
Bravasaurus,2 metros,Nan
Breviparopus,7 - 33 metros,55 - 63 t posiblemente
Brighstoneous,Nan,1 tonelada.
Brohisaurus,12 metros,Nan
Brontomerus,5 metros,6 toneladas
Brontosaurus,"4,2 metros",30 toneladas
Bruhathkayosaurus,Entre 4 y 7 metros,Entre 80 y 220 toneladas
Buitreraptor,40 cm,5 kg
Buriolestes,60 centímetros,Nan
Byronosaurus,50 cm,14 kg
Caenagnathasia,"1,37 mts",509 klg
Caenagnathus,Nan,30-90 kilogramos
Caihong,40 cm,475 g
Callovosaurus,0.8 metros,230 kg
Camarasaurus,9 metros,26 toneladas
Camarillasaurus,"1,3 metros",50 kilogramos
camelotia,"2,5",1 tonelada
Camposaurus,1 metro,27 kg
Camptosaurus dispar,2.5 metros,2 toneladas
Lobo de Edward,65 cm (hombro),35 kg (macho)
,Nan,Nan
Carcharodontosaurus,"3,5 metros a 6 (según la especie)","4,2 a 8 toneladas (según la especie)"
,Nan,Nan
Carnotaurus,"3,5 metros","1,3 - 2,1 toneladas"
Cathartesaura,6 metros,15 toneladas
Caudipteryx,30 cm,6 kg
Cedarosaurus,5 metros,10 toneladas
Cedarpelta,Nan,Nan
Centrosaurus,"2,3 metros",4 toneladas
Cerasinops,90 cm,15 kilos
Ceratonykus,50 cm,Nan
Ceratops,Nan,Nan
,Nan,Nan
Ceratosaurus,2 metros,1 tonelada
Ceratosuchops,Nan,2 toneladas.
Cetiosauriscus greppini,"2,6 metros",10 toneladas
Cetiosaurus medius,5 metros,27 toneladas
,Nan,Nan
Changmiania,Nan,Nan
Changyuraptor,40 centímetros,"4,1 Kilogramos"
Chaoyangsaurus,1 mts,108kg
Charonosaurus,"3,5 metros","2,5 toneladas"
Chasmosaurus,2 metros,4 toneladas
Chebsaurus,Nan,4 toneladas
Chenanisaurus,Nan,Nan
Chialingosaurus,"1,6 metros",650 kg
Chilantaisaurus,"3,2 metros","5,5 toneladas"
Chilesaurus,1 metro,60 kilos
Chindesaurus,1 metro,Nan
Chirostenotes,1 metro,60 kg
Choconsaurus,Nan,Nan
Chuanjiesaurus,6 metros,18 toneladas
Chuanqilong,Nan,450 Kilogramos
Chubutisaurus,7 metros,18 toneladas
Chungkingosaurus,"1,5 metros",560 kg
Citipati,2-3 metros,Nan
Claosaurus,"1,4 metros",300 kg
Coahuilaceratops,2 metros,"1,8 toneladas"
Coelophysis,"1,4 metros",Entre 15 y 30 kg
,Nan,Nan
Coelurus,70 cm,40 kg
Colepiocephale,Nan,Nan
Coloradisaurus,2 metros,230 kg
Comahuesaurus,6 metros,14 toneladas
,Nan,Nan
Compsognathus,40 centímetros,3 kg
Compsosuchus,80 cm,43 kg
Concavenator,1.9 metros,400 kilogramos
Conchoraptor,50 cm,27 kg
Condorraptor,"2,4 metros",890 kg
Coronosaurus,Nan,2 toneladas
,Nan,Nan
Corythosaurus,3.2 metros (5 erguido),4 toneladas
Craterosaururs,1.5 metros,300 kg
Crichtonsaurus,1 metro,500kg
Cristatusaurus,"2,7 metros","1,8 toneladas"
Cryolophosaurus ellioti,"3,1 metros",500 kilogramos
Cryptovolans,40 centimetros,3 kilos
Daanosaurus,9 metros,30 toneladas
Dacentrurus,"1,6 metros",650 kg
Daemonosaurus,Nan,22 kilogramos
Dahalokely,"1,6 metros",130 kg
Dakotadon,Nan,Nan
Dakotaraptor,2 metros,453 kilogramos
Daliansaurus,30 centímetros,5 kilogramos
Damalasaurus,9 metros,12 toneladas
,Nan,Nan
Daspletosaurus,3 metros,3 toneladas
,Nan,Nan
Datousaurus,4 metros,13 toneladas
Daxiatitan,13 metros,40-50 toneladas
Deinocheirus,"3,3 - 3,6 metros",4 - 7 toneladas
Deinodon,"2,4 metros","1,2 toneladas"
Deinonychus,"1,30 a 1,80 metros",89 kg
Delapparentia,3 Metros,"3,5 Toneladas"
Deltadromeus,"2,8 metros",2 toneladas
Demandasaurus,"3,9 metros",12 toneladas
Denversaurus,"1,7 metros",3 toneladas
Diabloceratops,"2,7 metros","1,6 toneladas"
Diamantinasaurus,"3,5 metros",15 toneladas
Dicraeosaurus,3 metros,"7,5 toneladas"
Dilong,70 cm,65 kg
Dilophosaurus,"2,10 metros de los pies hasta la cabeza 2,20 metros de los pies hasta las crestas",400-500 kg
Diluvicursor,"1,2 metros",Nan
Dineobellator,Nan,Nan
Dinheirosaurus,4 metros,15 toneladas
Dinodocus,11 metros,28 toneladas
,Nan,Nan
,Nan,Nan
,Nan,Nan
Dinosaurios en combate,Nan,Nan
,Nan,Nan
Diplodocus,5-7 metros,Entre 15 y 23 toneladas
Dracopelta,60 cm,300 kg
Dracorex,Nan,Nan
Dracovenator,2 metros,1 tonelada
Dreadnoughtus,8 metros (holotipo),40 toneladas (holotipo)
,Nan,Nan
Dromaeosauroides,50 centímetros,45 kilogramos
Dromaeosaurus,50 cm,28 kg
,Nan,Nan
Dromiceiomimus,"2,2 metros",85 kg
Drusilasaura,Nan,Nan
Dryosaurus,Entre 70 y 140 cm,Entre 50 y 120 kg
Dryptosauroides,2 metros,500 kg
Dryptosaurus,"2,2 metros","2,6 toneladas"
Dubreuillosaurus,"2,1 m",250 kilogramos
Dynamoterror.,Nan,5 toneladas.
Dyoplosaurus,"1,8 metros",6 toneladas
Dysalotosaurus,Nan,Nan
Dyslocosaurus,"5,6 metros",18 toneladas
Dystrophaeus,3-4 metros,12 toneladas
Dystylosaurus,5 metros,26 toneladas
Dzharatitanis,Nan,Nan
Echinodon,50 cm,Nan
Edmarka,4 metros,"4,5 toneladas"
Edmontonia,"2,3 metros",4 toneladas
Edmontosaurus,"3,6 metros","6,2 toneladas"
Einiosaurus,"1,8 metros","4,3 toneladas"
Ekrixinatosaurus,"3,2 metros",4 toneladas
,Nan,Nan
Elaphrosaurus,"2,2 metros",200 kg
Elmisaurus,"1,5 metros",90 kg
Elopteryx,10 cm,10 kilos
Emausaurus,80 cm,70 kg
Enigmosaurus,"3,8 metros",1 tonelada
Eoabelisaurus,"2,2 metros",700 kg
Eobrontosaurus,6 metros,34 toneladas
Eocarcharia,"2,8metros",3 tonaladas
Eoceratops,2 metros,900 kg
Eocursor,37 cm,20 kg
Eodromaeus,80 cm,20 kg
Eolambia,4 metros,4 toneladas
Eoraptor,40 cm,12 kg aprox.
,Nan,Nan
Eotriceratops,4 metros,10 toneladas
Eotyrannus,"1,90 metros",1 tonelada
Eousdryosaurus,Nan,Nan
Epachthosaurus,5 metros,12 toneladas
Epanterias,"3,4 metros",5 toneladas
Epidendrosaurus,12 cm,"2,5 kg"
Epidexipteryx,13 cm,120 gramos
,Nan,Nan
Erlikosaurus,"2,4 metros",2 toneladas
Eshanosaurus,"1,6 metros",180 kg
Espinosaurido australiano (Aussiespinus),Nan,Nan
Eucentrosaurus,"2,2 metros","2,7 toneladas"
Eucnemesaurus,3 metros,"1,6 toneladas"
Euhelopus,12 metros,10 toneladas
Euoplocephalus,"1,8 metros",2 toneladas
Euparkeria,30 cm,9 kg
Europasaurus,"2,7 metros","2,7 T"
Europatitan,13 metros,35 toneladas
Europelta,"1,7 metros",5 toneladas
Euskelosaurus,"3,5 metros","3,2 toneladas"
Eustreptospondylus,"1,3 - 1,7 metros",230 - 500 kg
Fabrosaurus,60 cm,7 kg
Falcarius,Nan,Nan
,Nan,Nan
Fosterovenator,Nan,Nan
Fostoria dhimbangunmal,Nan,Nan
Herrerasaurus ischigualastensis,"1,8 metros",80 a 100 kg.
Fukuiraptor,"1,7 metros",390 kg
Fukuisaurus,Nan,400 kg
Fulgurotherium,55 centímetros,20 kg
Futalognkosaurus,15 metros,80 toneladas
Galeamopus,Nan,Nan
Gallimimus,3 metros,650 kg
Galveosaurus,4 metros,8 toneladas
Gargoyleosaurus,"1 metro, aproximadamente",1 tonelada
Garrigatitan,Nan,Nan
Garudimimus,"1,8 metros",70 kg
Gasosaurus,"1,8 metros",380 kg
Gasparinisaura,60 cm,13 kg
Gastonia,"1,2 metros","1,3 toneladas"
,Nan,Nan
Genusaurus,"1,2 metros",100 kg
Genyodectes,"2,1 metros",3 toneladas
Geranosaurus,60 cm,10 kg
Gideonmantellia,"1,50 Metros",50 Kg a 100 Kg
Giganotosaurus,4 Metros,6-9 Toneladas
Gigantoraptor,6.5 m (hasta la cabeza) y 3.5 m ( hasta las caderas,2.7 toneladas
Gigantosaurus,7 metros,"19,5 toneladas"
Gigantspinosaurus,"1,6 metros",700 Kg
Gilmoreosaurus,"2,2 metros","1,2 toneladas"
Giraffatitan,12 metros,50 toneladas
Glacialisaurus,Nan,4 a 6 toneladas
Glyptodontopelta,2 metros,"2,8 toneladas"
Gnathovorax,Nan,1 tonelada
Gobisaurus,"1,75 metros","3,5 toneladas"
,Nan,Nan
Gobivenator,40 centímetros,10 a 20 kilos.
Gojirasaurus,2 metros,500 kg
Gondwanatitan,3 metros,10 toneladas
Gongxianosaurus,4 metros,7 toneladas
Gorgosaurus,4 metros,5 toneladas
Goyocephale,50 cm,30 kg
Graciliceratops,20 centímetros,2-9 kilogramos
graciliraptor,"0,60",20 kg
Gravitholus,70 cm,40 kg
Gryponyx,"1,8 metros",340 kg
Guaibasaurus,70 cm,60 kg
Gualicho,"1,7 metros",2 toneladas
Guanlong,"1,6 metros",56 kg
Guidraco venator,70 cm,12 kg
Hadrosaurio S P,Nan,Nan
Hadrosaurus,"3,2 metros","5,4 toneladas"
Hagryphus,"2,5 metros",70 kg
,Nan,Nan
Halticosaurus,"1,6 metros",500 kg
Hamititan,Nan,8 toneladas.
Haplocanthosaurus,5 metros,20 toneladas
Haplocheirus,1 metro,Nan
Harpymimus,"2,5 metros",370 kg
Heptasteornis,Nan,Nan
Herrerasaurus ischigualastensis,"1,8 metros",80 a 100 kg.
Hesperonychus,30 cm,4 kg
Hesperornithoides,Nan,Nan
Hesperosaurus,"2,5 de alto",3 toneladas
Heterodontosaurus,30 cm,17 kg
Hexing,Nan,"1,5 klg"
Hexinlusaurus,33 centímetros,12 kilogramos
Heyuannia,Nan,20 kilogramos
Hippodraco,"1,5 metros",400 kilos
Histriasaurus,"4,5 metros",Nan
Homalocephale,"1,5 metros",90 kg
Hoplitosaurus,"1,4 metros","2,5 toneladas"
Huaxiaosaurus,11 metros,16 toneladas
Huayangosaurus,"1,5 metros",840 kg
Huediesaurus,10 metros,Nan
Huehuecanauhtlus,"2,5 metros","1,5 metros"
Huinculsaurus,1 metro,Nan
Hulsanpes,60 cm,25 kg
Hungarosaurus,"1,3 metros",500 kilogramos
Hylaeosaurus,"1,8 metros",340 kg
Hypacrosaurus,"3,2 metros","4,8 toneladas"
Hypselosaurus,"2,5 metros",9 toneladas
Hypsilophodon,60 cm,43 kg
Ichthyovenator,"2,6 metros",2 toneladas
Iguanacolossus,5 metros,Nan
Iguanodon,"2,9 metros","4,6 toneladas"
,Nan,Nan
Ilokelesia,2 metros,60 kg
Imperobator,Nan,Nan
Incisivosaurus,70 centímetros,Posiblemente 30 kilos
Indosaurus,2 metros,700 kg
Indosuchus,"2,4 metros","1,6 toneladas"
Ingentia,Nan,10 toneladas
Irisosaurus,"1,5 metros",Nan
Irritator challengeri,"2,5 metros",1 tonelada
Isaberrysaura,Nan,Nan
Isanosaurus,"6,5 metros",12 toneladas
Herrerasaurus ischigualastensis,"1,8 metros",80 a 100 kg.
Ischyrosaurus,12 metros,35 toneladas
Isisaurus,5 metros,11 toneladas
Issi,Nan,Nan
Itapeuasaurus,Nan,Nan
Itemirus,70 cm,30 kg
Jainosaurus,6 metros.,20 toneladas.
Jaxartosaurus,3 metros,"2,7 toneladas"
,Nan,Nan
Jiangjunmiaosaurus,2 metros,700 kg
Jiangjunosaurus,2 metros,500 kilogramos
Jiangxisaurus,Nan,Nan
Jinbeisaurus,Nan,Nan
Jinfengopteryx,20 centímetros,2 Kilos
Jingshanosaurus,"3,6 metros",3 toneladas
Jintasaurus,Nan,Nan
Jobaria,"4,5 metros",18 toneladas
Jubbulpuria,50 cm,32 kg
Juratyrant,"1,9 metros",280 kg
Juravenator,20 cm,2-5 kg
Kaatecodus,3 metros,5 toneladas
Kaijiangosaurus,"1,7 metros",290 kg
Kakuru,70 cm,59 kg
Kamuysaurus,3 metros,"4-5,3 toneladas"
Kangnasaurus,75 cm,58 kg
Karongasaurus,9 metros,1 tonelada
Katepensaurus,Nan,Nan
,Nan,Nan
Kazaklambia,Nan,Nan
Kelmayisaurus,"2,7 metros",1 tonelada
Kentrosaurus,"1,7 metros",740 kg
Khaan,50 centímetros,Nan
Kholumolumo,Nan,"1,7-4 toneladas"
Kileskus,2 metros,890 kg
,Nan,Nan
,Nan,Nan
,Nan,Nan
Koreanosaurus,Nan,Nan
Kosmoceratops,2 metros,2 toneladas
Kotasaurus,"2,7 metros",6 toneladas
Kritosaurus,3 metros,"3,6 toneladas"
Kryptops,"2,3 metros",2 toneladas
,Nan,Nan
Kunbarrasaurus,Nan,Nan
Kunmingosaurus,3 metros,"2,8 toneladas"
Kurupi,Nan,750 kg.
Labocania,"2,1 metros",340 kg
Laevisuchus,90 cm,27 kg
Lajasvenator,Nan,Nan
Bonapartesaurus,Nan,Nan
Lambeosaurus,2 metros,5 toneladas
Lametasaurus,"2,3 metros","1,2 toneladas"
Lanasaurus,40 cm,12 kg
Laosarus,incierto,incierto
Lapampasaurus,2 metros.,1 tonelada.
Laplatasaurus,4 metros,8 toneladas
Lapparentosaurus,10 metros,10 toneladas
Laquintasaura,Nan,Nan
Latenivenatrix,"1,5 metros",Nan
Latirhinus,1'7 metros,3 toneladas
Leaellynasaura,1 metro,28 kg
Ledumahadi,4 metros,12 toneladas
Leinkupal laticauda,4 metros,10 toneladas
Leptoceratops,1 metro,65 kg
Lesothosaurus,29 cm,10 kilos
Lessemsaurus,3 metros,4 toneladas
Lexovisaurus,"2,2 metros",1 tonelada
Liaoceratops,Nan,3 kilogramos
Liaoningosaurus,Nan,Nan
Ligabueino,30 cm,10 kg
Ligabuesaurus,13 metros,13 toneladas
Liliensternus,"2,1 metros",189 kg
Limaysaurus,5 metros,7 toneladas
,Nan,Nan
Linheraptor,80 centímetros,30 kg
Linhevenator,"0,90 Metros",Nan
Lirainosaurus,Nan,Nan
Llukalkan,Nan,1 tonelada
,Nan,Nan
Lohuecotitan,"6,5 Metros",Nan
Loncosaurus,2 metros,380 kg
Losillasaurus,8 metros,30 toneladas
Lourinhanosaurus,"2,6",400 kilos
Luanchuanraptor,40 a 60 centímetros,15 kilogramos
Páginas populares,Nan,Nan
Lufengosaurus,"2,5 metros",2 toneladas
Lukousaurus,70 cm,65 kg
Lurdusaurus,3 metros,6 toneladas
Lusitanosaurus,"1,4 metros",370 kg
Lusotitan,10 metros,28 toneladas
Lusovenator,1 metro,Nan
Lythronax,"2,4 metros","2,5 toneladas"
Machairoceratops,"2,5 metros",4 toneladas
Macrogryphosaurus,"1,5 metros",200 kilogramos
Macrurosaurus,Nan,5 Toneladas
Magnirostris,Nan,Nan
Magnosaurus,"1,4 metros",200 kilogramos
Magyarosaurus,2 metros,4 toneladas
Mahakala,30 centímetros,500 a 1.000 gramos
Maiasaura,2.8 metros,"4,7 toneladas"
Majungasaurus,2 Metros - 3 metros,"1,1 toneladas"
Malawisaurus,"6,4 metros",18 toneladas
,Nan,Nan
Mamenchisaurus anyuensis,7-13 metros,18-27 toneladas
Mandschurosaurus,Nan,Nan
Manidens,30 a 40 Cm,10 Kg
Mansourasaurus,8 metros,"5,5 Toneladas"
Mantellisaurus,2 metros,750 kilogramos
Mapusaurus,"3,7 metros",3 toneladas
Maraapunisaurus,Nan,Nan
Marshosaurus,2 metros,340 kilos
Martharaptor,Nan,40 kilogramos
Masiakasaurus,50 cm,39 kg
Massospondylus,3 metros erguido,920 kilogramos
Matheronodon,Nan,Nan
Maxakalisaurus,Nan,9 toneladas
Medusaceratops,2 metros,2 toneladas
,Nan,Nan
,Nan,Nan
Megalosaurus,"2,8 metros","2,4 toneladas"
Megapnosaurus,1 metro,70 kg
Megaraptor,"2,1 metros",1 tonelada
Mei,30 cm,15 a 20 kg
Melanorosaurus,"3,5 metros",5 toneladas
Mendozasaurus,5 metros,15 toneladas
,Nan,Nan
Metriacanthosaurus,2 metros,1 tonelada
Microceratus,60 centímetros,50 kilogramos
Micropachycephalosaurus,30 cm,10 kg
Microraptor,Nan,1 kilo
,Nan,Nan
Mierasaurus,8 metros,7 Toneladas
Minmi,80 cm,60 kg
Minotaurasaurus,4 mts,12 tnls
Miragaia,"2,5 metros","1,8 toneladas"
Mirischia,1 metro,30 kg
Mnyamawamtuka,Nan,Nan
Moabosaurus,Nan,Nan
Monkonosaurus,"1,8 metros",500 kilogramos
Monolophosaurus,2 metros,700 kg
Mononykus,40 cm,13 kg
Montanoceratops,90 cm,Nan
Morelladon beltrani,"2,5 metros",2 toneladas
Moros,1 metro,Nan
Morrosaurus,Nan,Nan
Mussaurus patagonicus,2 metros,Entre 1 y 2 toneladas
Muttaburrasaurus,"2,8 metros","2,7 toneladas"
Muyelensaurus,2 metros,8 toneladas
Mycocephale,Nan,Nan
Mymoorapelta,Nan,Nan
Naashobitosaurus,4 metros,4 toneladas
Nanosaurus,40 cm,10 kg
Nanotyrannus,"2,5 metros",1 tonelada
Nanuqsaurus,2 metros,800 _1500 kg
Narindasaurus,Nan,8 toneladas
Nasutoceratops,"1,8 metros","1,7 toneladas"
Navajoceratops,"1,50 metros",Nan
Nedoceratops,2 metros,"4,5 toneladas"
Páginas populares,Nan,Nan
Nemegtosaurus,4 metros,10 toneladas
Neovenator,"2,2 metros","1,5 tonelada"
Páginas populares,Nan,Nan
Neuquenraptor,"1,2 metros",27 kg
Neuquensaurus,7 metros,8 toneladas
Nigersaurus,3 metros,800 kg
Nuevas imágenes,Nan,Nan
Ninjatitan,Nan,Nan
Niobrarasaurus,"1,8 metros",227-453 kilogramos
Nuevas imágenes,Nan,Nan
Noasaurus,1 metro,15 kg
Nodosaurus,"1,8 metros","1,5 toneladas"
Nomingia,1 metro,60 kg
Notohypsilophodon,90 cm,18 kg
Nothronychus,"4,5 a 6 metros",una tonelada
Notoceratops,40 cm,47 kg
Nototyrannus,2 metros,500 kg
Páginas populares,Nan,Nan
Nullotitan,Nan,Nan
Nurosaurus,8 metros,25 toneladas
Nuthetes,Nan,Nan
Nuukyraptor,"0,3 metros",3 kg
Nyasasaurus,50 cm,20 kg
Oceanotitan,Nan,Nan
Ohmdenosaurus,Nan,"1,3 toneladas"
Ojoceratops,"2,5 metros",Nan
Ojoraptorsaurus,"1,5 metros",Nan
Oksoko,80 centímetros,Nan
Olorotitan,4 metros,entre 2 y 3 toneladas
Omeisaurus,6 metros,8 toneladas
Opisthocoelicaudia,5 metros,8 toneladas
Orkoraptor,2 metros,1 tonelada
Páginas populares,Nan,Nan
Ornitholestes,70 cm,18 kg
Ornithomimus,"2,2 metros",175 kg
Nuevas imágenes,Nan,Nan
Orodromeus,Nan,Nan
Oryctodromeus,70 cm,22 a 32 kg
Ostafrikasaurus,"2,1 metros","1,15 Toneladas"
Ostromia,Nan,Nan
Othnielia,cercano a los 70 Cm,10 Kilos
Othnielosaurus,80 cm,65 kg
Ouranosaurus,3 m ( 4 patas ) 4 ( 2 patas horizontal) 5 m ( erguido ) varian según la longitud de este.,"3,8 toneladas"
Overoraptor,Nan,Nan
Overosaurus,2 metros,7 toneladas
Oviraptor,1 metro,49 kg
Páginas populares,Nan,Nan
Oxalaia,"2,3 metros",4 toneladas
Ozraptor,2 metros,400 kg
Nuevas imágenes,Nan,Nan
Pachycephalosaurus,"1,5 metros",500 kilogramos
Pachyrhinosaurus,"2,2 metros","4,9 toneladas"
Páginas populares,Nan,Nan
Paludititan,"2,1 metros","6,7 toneladas"
Paluxysaurus,11 metros,42 toneladas
Pamparaptor.,25 centímetros,1 kilo
Pandoravenator,2 metros,Nan
Páginas populares,Nan,Nan
Panphagia,30 cm,5 kg
Paralititan,8 metros 12 metros ( cuello erguido ) y 18 ( posado en 2 patas ),50 a 55 T
Paranthodon,"1,8 metros",400 kilogramos
Parasaurolophus,"3,2 - 3,5 metros",5 toneladas
Paraxenisaurus,3 metros,Nan
Parksosaurus,90 cm,70 kilos
Paronchodon,90 cm,Nan
Páginas populares,Nan,Nan
Patagonykus puertai,"1,5 metros",40 kg
Patagosaurus,5 metros,10 a 40 toneladas
Patagotitan,20 metros,85 Toneladas
Pectinodon,Nan,Nan
Pedopenna,40 cm,"1,3 kg"
Pegomastax africana,18 cm,6 kg
Pelecanimimus,1 metro,42 kg
Pellegrinisaurus,6 metros,19 toneladas
Peloroplites,2 metros,4 toneladas
Pelorosaurus conybearei,"11,5 metros",34 toneladas
Pendraig,Nan,3 kilos.
Pentaceratops,3 metros,"2,5 toneladas"
Phaedrolosaurus,Nan,Nan
Philovenator,Nan,Nan
,Nan,Nan
Piatnitzkysaurus,"1,8 metros",280 kg
Pilmatueia,Nan,Nan
Pinacosaurus,"1,6 metros",1 tonelada
Pisanosaurus,40 cm,20 kg
Planicoxa,2 metros,Nan
Plateosaurus,6 metros erguido,"3,2 toneladas"
Pleurocoelus,12 metros,18 toneladas.
Pneumatorptor,Nan,Nan
Podokesaurus,50 cm,12 kg
Poekilopleuron,"2,4 metros",786 kg
Polacanthus,2m,650 kg
Prenocephale prenes,Nan,130 Kilogramos
Proa,3 metros,2 toneladas
,Nan,Nan
Páginas populares,Nan,Nan
Proceratosaurus,1 metro,100 kilos
Procompsognathus,26 centímetros,1 kilogramo
Propanoplosaurus,Nan,Nan
Prosaurolophus,"2,5 metros hasta las caderas",Hasta 1 tonelada
Páginas populares,Nan,Nan
Páginas populares,Nan,Nan
Protoavis texensis,35 cm,2 kg
Protoceratops,60 cm,60 - 80 kg
Protohadros,3 metros,1 tonelada
Psittacosaurus,40 cm,39 kg
Puertasaurus,16 metros.,100 toneladas.
Punatitan,4 metros,Nan
Pycnonemosaurus,"2,4 metros","1,5 toneladas"
Pyroraptor,50 centímetros,50 kilogramos
Qantassaurus,70 cm,22 kilos
Qianzhousaurus sinensis,"2,5 metros",757 kilogramos
Qiaowanlong,7 metros,"3,5 toneladas"
Qiupanykus,Nan,Nan
Quaesitosaurus,4 metros,9 toneladas
Quilmesaurus,2 metros,620 kg
Rahonavis,15 cm,1 kg
Rajasaurus,"3,6 metros",2.000 kg
Rapator,"1,5 metros",690 kg
Rapetosaurus,"4,4 metros como maximo",Cerca de 7 toneladas
Raptorex,"1,50 metros",65 kilos
Rativates,"1,5 metros",90 kilogramos
Rayososaurus,"1,8 metros",1 toneladas
Páginas populares,Nan,Nan
Rebbachisaurus,6 a 8 metros,28 toneladas
Regaliceratops,"1,5 metros",1.5 toneladas
Regnosaurus,1.5 metros,400 kg
Gojirasaurus,2 metros,500 kg
Rhabdodon,"1,4 metros",120 kg
Rhinorex,Nan,Nan
Rhoetosaurus,5 metros,11 toneladas
Riabininohadros,2 metros,Nan
Richardoestesia,"0,60 metros",50 kilogramos
Rinchenia,1 metro,Nan
Páginas populares,Nan,Nan
Rinconsaurus,5 metros,12 toneladas
Riojasaurus,4 metros,23 toneladas
Riparovenator,Nan,2 toneladas
Rubeosaurus,2 metros,2 toneladas
Rugops,2 metros,410-750 Kg
Rukwatitan,3 metros,Nan
Saichania,"2,2 metros",2 toneladas
Páginas populares,Nan,Nan
Saltasaurus,3 metros,7 toneladas
Saltillomimus,Nan,Nan
Saltriosaurus,"2,7 metros","1,5 toneladas"
Páginas populares,Nan,Nan
Santanaraptor,80 cm,50 kg
Sarcosaurus,1 metro,71 kg
Sarmientosaurus,"2 a 2,30 metros","5 a 6,5 T"
Saturnalia,"0,5 metros",Nan
Páginas populares,Nan,Nan
Páginas populares,Nan,Nan
Saurolophus,3 metros (6 erguido),8 toneladas
Sauroniops,"2,3 metros","1,2 toneladas"
Sauropelta,2 metros,"6,7 toneladas"
Saurophaganax,"3,6 metros",3 y 5 toneladas
Páginas populares,Nan,Nan
Sauroposeidon,15 a 18 m,60 toneladas
Saurornithoides,1 metro,24 kilos
Saurornitholestes,70 cm,12 kg
Savannasaurus,7 metros,7 toneladas
Scansoriopteryx,6 centímetros,179 gramos
Scelidosaurus,"1,4 metros",390 kg
Schleitheimia,3 metros,Nan
Scipionyx,50cm,20kg
Sciurumimus,20 centímetros,6 kilogramos
Scutellosaurus,40 cm,27 kg
Secernosaurus,3 metros,800 kg
Segisaurus,40 cm,7 kg
Segnosaurus,4 metros,2 toneladas
Seismosaurus,"7,5 metros",80 toneladas
Seitaad,3 metros,"3,8 toneladas"
Sellosaurus,2 metros,"1,2 toneladas"
Shamosaurus,2 metros,"2,5 toneladas"
Shanag,30 cm,2 kilogramos
Shantungosaurus,5 metros,16 toneladas
Shaochilong,"2,5 metros",1 tonrlada
Shenzhousaurus,60 cm,20 kg
Shidaisaurus,"2,4 Metros",2 Toneladas
Shri,Nan,Nan
Shunosaurus,5 metros,3 toneladas
Páginas populares,Nan,Nan
Siamosaurus,"2,6 metros",2 toneladas
Siamotyrannus,"2,5 metros",1 tonelada
Siats,"2,50 a 3,75 metros","3,5 toneladas"
Sierraceratops,Nan,"1,5 toneladas."
Sigilmassasaurus,"2,5 metros",6 toneladas
Silutitan,Nan,20 toneladas.
Silvisaurus,1 metro,320 kg
Sinankylosaurus,1 metro,2 toneladas
Sinocalliopteryx,1 metro,15 kilogramos
Sinoceratops,"3,2 metros","2,1 toneladas"
"""Sinopliosaurus""","3,4 metros",1 tonelada
Sinornithoides,50 centímetros,20 a 50 kilogramos
Sinornithomimus,Nan,91 kilogramos
Sinornithosaurus millenii,30 cm,7 kg
Sinosauropteryx,20 cm,2 kg
Sinosaurus,2 metros,440 kg
Sinotyrannus,3 metros,650 kg
Sinovenator,40 centímetros,3 kilos
Sinraptor,"2,8 metros","3,4 toneladas"
Sinusonasus,60 Cm,10 Klg
Skorpiovenator,"2,5 metros",500 kg
Sonorasaurus,8 metros,8-10 toneladas
Spectrovenator,1 metro,Nan
Sphaerotholus,Nan,Nan
Spiclypeus,3 metros,4 toneladas
Spicomellus,Nan,Nan
Spinophorosaurus,3 metros,"3,7 toneladas"
,Nan,Nan
,Nan,Nan
Spinosaurus,3 metros(desde las caderas) - 6 metros de altura,6-8 toneladas
,Nan,Nan
Staurikosaurus,80 cm,60 kg
Stegoceras,1 metro,70 kg
Stegopelta,"1,5 metros",Nan
,Nan,Nan
Amargastegos,1 metros,500 kg
Stegosaurus,"3,7 metros",8 toneladas
Stegouros,Nan,150 kilogramos.
Stellasaurus,"1,5 metros",2 toneladas
Stenonychosaurus,"0,7 metros",21 kg
,Nan,Nan
Stokesosaurus,"1,90 metros",300 kg
Streptospondylus,5 Metros aprox,"2,5 Toneladas"
Struthtiomimus,2 metros,150 Kilos
Struthiosaurus,70 centímetros,300 kilos
Stygimoloch,Nan,Nan
Styracosaurus,"1,8 - 2,3 metros","2,7 toneladas"
Suchomimus,2-3 Metros,6 toneladas
Suchosaurus,"2,8 metros","2,3 toneladas"
,Nan,Nan
,Nan,Nan
,Nan,Nan
,Nan,Nan
Supersaurus vivane,8 metros,28 toneladas
Suskityrannus,Nan,Nan
Suzhousaurus,Nan,Nan
Syntarsus,1 metro,70 kg
Szechuanosaurus,2 metros,150 kilos
Tachiraptor,Nan,cerca de 20 Kg
Talarurus,"1,8 metros","1,5 toneladas"
Talenkauen,2 metros,200 kg
,Nan,Nan
Tanycolagreus,Nan,Nan
Taohelong,Nan,Nan
Tapuiasaurus,5 metros,"5,5 toneladas"
Tarascosaurus,1 metro,900 kilogramos a 2 toneladas.
Tarbosaurus,"3,2 Metros",4-5 toneladas
Tarchia,"1,9 metros","4,6 toneladas"
Tastavinsaurus,Nan,Nan
,Nan,Nan
Tatankaceratops,Nan,Nan
Tataouinea,Nan,Nan
Taurovenator,"2,5 metros",3 toneladas
Tazoudasaurus,"3,4 metros",4 toneladas
Tehuelchesaurus,5 metros,10 toneladas
Tendaguria,6 metros,30 toneladas
Tenontosaurus,"1,8- 2 metros","1,3 toneladas"
Teratophoneus,"1,8 metros",450 kg
Terminocavus,"1,50 metros",Nan
Tethyshadros,1 metros,3 toneladas
Thanatotheristes,Nan,Nan
,Nan,Nan
Thecocoelurus,Nan,Nan
Thecodontosaurus,"1,2 metros",50 kilgramos
Therizinosaurus,5 metros,5 Toneladas
,Nan,Nan
Thescelosaurus,Entre 90 y 150 cm,Entre 40 y 120 kg
Tianchisaurus,1 metro,200 kilogramos
Tianyulong,40 Cm a 60 Cm,1 - 5 kg
Tianzhenosaurus,"1,5 metros",1 tonelada
Timimus,1'8 metros,?
Timurlengia,Nan,Nan
Titanoceratops,4 a 3 metros,"6,5 toneladas"
,Nan,Nan
Titanosaurido antartico,6 metros,Nan
Titanosaurus,5 metros,13 toneladas
Tlatolophus,Nan,"9,5 toneladas"
,Nan,Nan
Tornieria,"4,6 metros",18 toneladas
Torosaurus,2 metros,8 toneladas
Torvosaurus,2 - 3 metros,"3,6 - 4,5 toneladas"
,Nan,Nan
Tototlmimus,"1,5 metros",Nan
,Nan,Nan
Tralkasarus,Nan,Nan
Triceratops,3 metros,6-12 toneladas
Trierarchuncus,30 centímetros,Nan
Trinisaura,Nan,Nan
Triunfosaurus,Nan,Nan
,Nan,Nan
Tsaagan,60 cm,18 kilos
Tsintaosaurus,3 metros (6 erguido),4 toneladas
Tuojiangosaurus,3 metros,"2,8 toneladas"
Turiasauria,13 Metros,48 Toneladas
Turiasaurus,10 metros,45 toneladas
,Nan,Nan
,Nan,Nan
,Nan,Nan
,Nan,Nan
Tyrannosaurus,3 metros,7-8.8 toneladas
Tyrannotitan,"3,6 metros",7 toneladas
Udanoceratops,"1,5 metros",200 kilogramos
Ugrunaaluk,4 metros,5 toneladas
Ultrasauros,15 Metros,67 Toneladas
,Nan,Nan
Ulughbegsaurus.,Nan,1 tonelada.
Unaysaurus,1 metro,80 kg
Unenlagia comahuensis,"1,5 metros",20 kg
Unquillosaurus,"1,50 metros",40 kilos
Urbacodon,50 centímetros,10 kilogramos
Utahceratops,2 metros,entre 3 y 4 toneladas
Utahraptor,1.8 – 2 Metros,500 kg
Uteodon,Nan,Nan
Valdoraptor,Nan,Nan
Valdosaurus,"1,2 metro",9-11 kilogramos
vallibonavenatrix,2.52,Nan
Variraptor,90 cm,38 kg
,Nan,Nan
Velociraptor,70 Centimetros,35 kg
,Nan,Nan
Velocisaurus,70 cm,25 kg
,Nan,Nan
Veterupristisaurus,3 metros,1 tonelada
Volgatitan,7 metros,"17,3 toneladas"
Volkheimeria,8 metros,2 toneladas
Vulcanodon,2 metros,"3,5 toneladas"
,Nan,Nan
Weewarrasaurus,Nan,Nan
Wendiceratops,2.3 metros,Más de 1 tonelada
Wiehenvenator,2 Metros,1 tonelada
Willinakaqe,3 metros.,4 toneladas.
,Nan,Nan
Wuerhosaurus,"2,2 metros",3 toneladas
Wulong,Nan,Nan
Xenoceratops foremostensis,"2,3 metros",2 toneladas
Xenoposeidon,5 metros,"7,6 Tonelada"
Xenotarsosaurus,3 metros,700 kg a 1 tonelada
Xiangornis,Nan,Nan
Xinjiangovenator,Nan,70 kilogramos
Xinjiangtitan,8 metros,58 toneladas
Xiongguanlong,"1,7 metros",120 kg
Xixianykus,20 centímetros,Nan
xixiasaurus,Nan,Nan
Xiyunykus,Nan,15 kilogramos
Xuanhanosaurus,2 metros,400 kg
Yamaceratops,30 centímetros,Nan
Yamanasaurus,3 m,Nan
Yamatosaurus,Nan,4-5 toneladas
Yangchuanosaurus,3 metros,3 toneladas
Yaverlandia,35 cm,6 kg
Yehuecauhceratops,1 metro,1-2 toneladas
Yi qi,Nan,Nan
Yimenosaurus,3 metros,3 toneladas
Yingshanosaurus jichuanensis,2 metros,"1,6 toneladas"
Yinglong,1 m,23 kg
Yixianosaurus,30 centímetros,1 kilogramo
Yongjinglong,8 metros,Nan
Yunnanosaurus,"2,2 metros","2,7 toneladas"
Yutyrannus,"2,80 metros",2 toneladas con 800 kilos
Zalmoxes,Nan,133 kg
Zanabazar,Nan,Nan
Zapalasaurus,6 metros,12 toneladas
Zby,Nan,Nan
Zephyrosaurus,50 cm,Nan
,Nan,Nan
Zhongjianosaurus,Nan,Nan
Zhuchengosaurus,"5 metros (Cuatro patas), 9 a 10 metros (Dos patas)",9 toneladas
Zhuchengtyrannus,"3,7 metros",6 toneladas
Ziapelta,Nan,Nan
Zuniceratops,1 metro (hasta las caderas),1 tonelada
Zuolong,"1,30 metros",40 kilogramos
Zupaysaurus,"1,2 metros",250 kg
Zuul,2 metros,"2,5 toneladas"
